{"X_min": [-4.074626865671642, -4.25, -0.23076923076923078, 0.0], "X_scale": [0.1492537313432836, 0.0625, 0.038461538461538464, 0.0625], "y_min": [-0.0011166530186853274], "y_scale": [0.018610883644755456]}