{"X_min": [-7.717948717948721, -9.714285714285714, -0.23076923076923078], "X_scale": [0.2564102564102565, 0.14285714285714285, 0.038461538461538464], "y_min": [-0.07692307692307693], "y_scale": [0.019230769230769232]}