{"mean": [32.56382067809932, 49.27108748570503, 11.099315222299607, 7.053891096979212], "scale": [7.196938562282731, 23.186916300379508, 8.360002435589093, 1.7432308573055249]}